Workbook

Sheet Instructions
A1: Phase 1 systematic review workbook
A2: Follows the Phase 1 Systematic Review Protocol doc. Yellow cells are for you to fill in.
A3: Search log: one row per search per database. Paste the exact string you ran (database syntax differs), the date, the hit count and the export file name. These numbers feed the PRISMA flow diagram.
A4: Screening: import all exported records into Zotero, remove duplicates, then record title/abstract and full-text decisions (I1-I5, E1-E5 codes from the protocol).
A5: Extraction: one row per included study. Copy key figures verbatim with the page number. Rows are pre-filled for the 146 sources cited in thesis draft v2 (reference number = draft v2 number).
A6: PRISMA counts: filled automatically from the Screening sheet.

Sheet Search log
A1: Search | B1: Mapping question | C1: Database | D1: Block combination | E1: Exact string used (paste) | F1: Fields | G1: Date run | H1: Hits | I1: Export file | J1: Notes
A2: S1 | B2: MQ1 | C2: IEEE Xplore | D2: (A) AND (B) | F2: Title, abstract, keywords
A3: S1 | B3: MQ1 | C3: ACM Digital Library | D3: (A) AND (B) | F3: Title, abstract, keywords
A4: S1 | B4: MQ1 | C4: Scopus | D4: (A) AND (B) | F4: Title, abstract, keywords
A5: S1 | B5: MQ1 | C5: Web of Science | D5: (A) AND (B) | F5: Title, abstract, keywords
A6: S1 | B6: MQ1 | C6: SpringerLink | D6: (A) AND (B) | F6: Title, abstract, keywords
A7: S1 | B7: MQ1 | C7: ScienceDirect | D7: (A) AND (B) | F7: Title, abstract, keywords
A8: S2 | B8: MQ2 | C8: IEEE Xplore | D8: (A) AND (C) | F8: Title, abstract, keywords
A9: S2 | B9: MQ2 | C9: ACM Digital Library | D9: (A) AND (C) | F9: Title, abstract, keywords
A10: S2 | B10: MQ2 | C10: Scopus | D10: (A) AND (C) | F10: Title, abstract, keywords
A11: S2 | B11: MQ2 | C11: Web of Science | D11: (A) AND (C) | F11: Title, abstract, keywords
A12: S2 | B12: MQ2 | C12: SpringerLink | D12: (A) AND (C) | F12: Title, abstract, keywords
A13: S2 | B13: MQ2 | C13: ScienceDirect | D13: (A) AND (C) | F13: Title, abstract, keywords
... A31: S5 | B31: MQ4, MQ5 | C31: ScienceDirect | D31: (E) AND ((A) OR "cyber-physical") | F31: Title, abstract, keywords
A33: Term blocks
A34: A | E34: "automated driving" OR "autonomous driving" OR "autonomous vehicle*" OR "automated vehicle*" OR "self-driving"
A35: B | E35: "operational design domain" OR "operational domain" OR "ODD specification" OR "ODD monitoring"
A36: C | E36: "safety requirement*" OR "requirement* formali*" OR "natural language requirement*" OR "requirement* traceab*"
A37: D | E37: "scenario generation" OR "scenario selection" OR "test scenario*" OR "scenario-based testing" OR "critical scenario*"
A38: E | E38: "quantum annealing" OR QAOA OR QUBO OR Ising OR "quantum optimi*" OR "quantum approximate optimization"
A39: F | E39: "test case generation" OR "test case selection" OR "test minimi*" OR "test suite" OR "regression testing"
A40: Total hits (all searches) | H40: =SUM(H2:H31)

Sheet Screening
A1: Record ID | B1: Title | C1: Year | D1: Source database(s) | E1: Duplicate? (Y/N) | F1: Title/abstract decision (Include/Exclude) | G1: Reason code (I1-I5 / E1-E5) | H1: Full-text decision (Include/Exclude) | I1: Full-text reason code | J1: Second reviewer decision | K1: Agreement (auto)
K2: =IF(OR(F2="",J2=""),"",IF(F2=J2,1,0))
K3: =IF(OR(F3="",J3=""),"",IF(F3=J3,1,0))
K4: =IF(OR(F4="",J4=""),"",IF(F4=J4,1,0))
K5: =IF(OR(F5="",J5=""),"",IF(F5=J5,1,0))
K6: =IF(OR(F6="",J6=""),"",IF(F6=J6,1,0))
K7: =IF(OR(F7="",J7=""),"",IF(F7=J7,1,0))
K8: =IF(OR(F8="",J8=""),"",IF(F8=J8,1,0))
K9: =IF(OR(F9="",J9=""),"",IF(F9=J9,1,0))
K10: =IF(OR(F10="",J10=""),"",IF(F10=J10,1,0))
K11: =IF(OR(F11="",J11=""),"",IF(F11=J11,1,0))
K12: =IF(OR(F12="",J12=""),"",IF(F12=J12,1,0))
K13: =IF(OR(F13="",J13=""),"",IF(F13=J13,1,0))
... K401: =IF(OR(F401="",J401=""),"",IF(F401=J401,1,0))

Sheet PRISMA counts
A1: Stage | B1: Count
A2: Records identified (all searches) | B2: ='Search log'!H40
A3: Duplicates removed | B3: =COUNTIF(Screening!E2:E401,"Y")
A4: Records screened (title/abstract) | B4: =COUNTA(Screening!A2:A401)-B3
A5: Excluded at title/abstract | B5: =COUNTIF(Screening!F2:F401,"Exclude")
A6: Full texts assessed | B6: =COUNTIF(Screening!F2:F401,"Include")
A7: Excluded at full text | B7: =COUNTIF(Screening!H2:H401,"Exclude")
A8: Included from database search | B8: =COUNTIF(Screening!H2:H401,"Include")
A9: Second-reviewer agreement on double-screened records (%) | B9: =IFERROR(AVERAGE(Screening!K2:K401),"")

Sheet Extraction
A1: Draft v2 ref no. | B1: Key | C1: IEEE reference | D1: Mapping question(s) | E1: Domain | F1: Input artefact | G1: Technique | H1: Traceability to requirements (Y/P/N) | I1: Evaluation type | J1: Hardware (QPU/simulator/classical) | K1: Key quantitative result (verbatim, with page) | L1: Limitations stated by authors | M1: Quality score (0-5)
A2: 1 | B2: D2 | C2: National Highway Traffic Safety Administration, Office of Defects Investigation, "ODI resume: Engineering analysis EA26002," Mar. 18, 2026. [Online]. Available: https://static.nhtsa.gov/odi/inv/2026/INOA-EA26002-10023.pdf
A3: 2 | B3: C37 | C3: Commission Implementing Regulation (EU) 2022/1426 of 5 August 2022 laying down rules for the application of Regulation (EU) 2019/2144 as regards uniform procedures and technical specifications for the type-approval of the automated driving system (ADS) of fully automated vehicles, Off. J. Eur. Union, 2022. | D3: MQ1 (corpus source)
A4: 3 | B4: D10 | C4: "Formalization of operational domain and operational design domain for automated vehicles," arXiv:2408.14481, 2024.
A5: 4 | B5: C1 | C5: M. Skoglund, F. Warg, A. Thorsén, H. Hansson, and S. Punnekkat, "Formalizing operational design domains with the Pkl language," arXiv:2509.02221, 2025. | D5: MQ1
A6: 5 | B6: C23 | C6: K. Elmaaroufi, D. Shanker, A. Cismaru, M. Vazquez-Chanlatte, A. Sangiovanni-Vincentelli, M. Zaharia, and S. A. Seshia, "Generating probabilistic scenario programs from natural language," arXiv:2405.03709, 2024. | D6: MQ2, MQ3, MQ5
A7: 6 | B7: C24 | C7: Y. Deng, J. Yao, Z. Tu, M. Zhang, X. Zheng, and T. Zhang, "TARGET: Automated scenario generation from traffic rules for testing autonomous vehicles," arXiv:2305.06018, 2023. | D7: MQ2, MQ3, MQ5
A8: 7 | B8: C19 | C8: A. Nayak, H. P. Timmapathini, V. Murali, K. Ponnalagu, V. G. Venkoparao, and A. Post, "Req2Spec: Transforming software requirements into formal specifications using natural language processing," in Requirements Engineering: Foundation for Software Quality (REFSQ 2022), Lecture Notes in Computer Science, vol. 13216. Cham, Switzerland: Springer, 2022, pp. 87-95, doi: 10.1007/978-3-030-98464-9_8. | D8: MQ2
A9: 8 | B9: C34 | C9: D. Giannakopoulou, T. Pressburger, A. Mavridou, and J. Schumann, "Automated formalization of structured natural language requirements," Inf. Softw. Technol., vol. 137, Art. no. 106590, 2021, doi: 10.1016/j.infsof.2021.106590. | D9: MQ2
A10: 9 | B10: C33 | C10: F. Klück, Y. Li, J. Tao, and F. Wotawa, "An empirical comparison of combinatorial testing and search-based testing in the context of automated and autonomous driving systems," Inf. Softw. Technol., vol. 160, Art. no. 107225, 2023, doi: 10.1016/j.infsof.2023.107225. | D10: MQ3, MQ4
A11: 10 | B11: D44 | C11: Taxonomy and Definitions for Terms Related to Driving Automation Systems for On-Road Motor Vehicles, SAE J3016_202104, SAE International, 2021.
A12: 11 | B12: D40 | C12: Road Vehicles - Functional Safety, ISO 26262:2018, International Organization for Standardization, Geneva, Switzerland, 2018.
A13: 12 | B13: D41 | C13: Road Vehicles - Safety of the Intended Functionality, ISO 21448:2022, International Organization for Standardization, Geneva, Switzerland, 2022.
A14: 13 | B14: D8 | C14: S. Mitra, C. Păsăreanu, P. Prabhakar, S. A. Seshia, R. Mangal, Y. Li, C. Watson, D. Gopinath, and H. Yu, "Formal verification techniques for vision-based autonomous systems - A survey," in Principles of Verification: Cycling the Probabilistic Landscape, Lecture Notes in Computer Science, vol. 15262. Cham, Switzerland: Springer, 2025, doi: 10.1007/978-3-031-75778-5_5.
A15: 14 | B15: C21 | C15: S. Riedmaier, T. Ponn, D. Ludwig, B. Schick, and F. Diermeyer, "Survey on scenario-based safety assessment of automated vehicles," IEEE Access, vol. 8, pp. 87456-87477, 2020, doi: 10.1109/ACCESS.2020.2993730. | D15: MQ3
A16: 15 | B16: C31 | C16: C. Amersbach and H. Winner, "Defining required and feasible test coverage for scenario-based validation of highly automated vehicles," in Proc. 22nd IEEE Intelligent Transportation Systems Conf. (ITSC), Auckland, New Zealand, 2019. | D16: MQ3
A17: 16 | B17: D17 | C17: H. Araujo, X. Wang, M. Mousavi, and S. Ali, "Using quantum annealing to generate test cases for cyber-physical systems," arXiv:2504.21684, 2025.
A18: 17 | B18: D18 | C18: A. Trovato, M. Beseda, and D. Di Nucci, "A preliminary investigation on the usage of quantum approximate optimization algorithms for test case selection," arXiv:2504.18955, 2025.
A19: 18 | B19: D19 | C19: X. Wang, A. Muqeet, T. Yue, S. Ali, and P. Arcaini, "Test case minimization with quantum annealers," ACM Trans. Softw. Eng. Methodol., doi: 10.1145/3680467. arXiv:2308.05505.
A20: 19 | B20: C14 | C20: A. Trovato, M. De Stefano, F. Pecorelli, D. Di Nucci, and A. De Lucia, "Reformulating regression test suite optimization using quantum annealing - an empirical study," Int. J. Softw. Tools Technol. Transf., doi: 10.1007/s10009-024-00775-w. arXiv:2411.15963. | D20: MQ4
A21: 20 | B21: D1 | C21: National Transportation Safety Board, "NTSB finds automation overreliance contributed to two fatal Ford BlueCruise crashes," Press Release NR20260331, Mar. 31, 2026. [Online]. Available: https://www.ntsb.gov/news/press-releases/Pages/NR20260331.aspx
A22: 21 | B22: D7 | C22: National Transportation Safety Board, "Investigation HWY26FH008: Automated vehicle strikes pedestrian in school zone, Santa Monica, California," Jan. 23, 2026. [Online]. Available: https://www.ntsb.gov/investigations/Pages/HWY26FH008.aspx
A23: 22 | B23: WAYMOREC | C23: Waymo LLC, "Part 573 safety recall report 25E-084," National Highway Traffic Safety Administration, Dec. 2025. [Online]. Available: https://static.nhtsa.gov/odi/rcl/2025/RCLRPT-25E084-7732.pdf
A24: 23 | B24: D4 | C24: National Highway Traffic Safety Administration, "Consent order: Cruise crash reporting," Press release, Sep. 30, 2024. [Online]. Available: https://www.nhtsa.gov/press-releases/consent-order-cruise-crash-reporting
A25: 24 | B25: D3 | C25: J. Stempel and A. Roy, "Tesla ordered by Florida jury to pay $243 million in fatal Autopilot crash," Reuters, Aug. 1, 2025.
A26: 25 | B26: KITCH | C26: B. Kitchenham and S. Charters, "Guidelines for performing systematic literature reviews in software engineering," Keele Univ. and Durham Univ., Tech. Rep. EBSE-2007-01, 2007.
A27: 26 | B27: PETER | C27: K. Petersen, S. Vakkalanka, and L. Kuzniarz, "Guidelines for conducting systematic mapping studies in software engineering: An update," Inf. Softw. Technol., vol. 64, pp. 1-18, 2015.
A28: 27 | B28: WOHLIN | C28: C. Wohlin, "Guidelines for snowballing in systematic literature studies and a replication in software engineering," in Proc. 18th Int. Conf. Evaluation and Assessment in Software Engineering (EASE), 2014, doi: 10.1145/2601248.2601268.
A29: 28 | B29: PRISMA | C29: M. J. Page et al., "The PRISMA 2020 statement: An updated guideline for reporting systematic reviews," BMJ, vol. 372, Art. no. n71, 2021.
A30: 29 | B30: D21 | C30: E. M. Clarke, "The birth of model checking," in 25 Years of Model Checking, Lecture Notes in Computer Science, vol. 5000. Berlin, Germany: Springer, 2008, pp. 1-26, doi: 10.1007/978-3-540-69850-0_1.
A31: 30 | B31: S64 | C31: M. Luckcuck, M. Farrell, L. A. Dennis, C. Dixon, and M. Fisher, "Formal specification and verification of autonomous robotic systems: A survey," ACM Comput. Surv., vol. 52, no. 5, pp. 1-41, 2019, doi: 10.1145/3342355.
A32: 31 | B32: S63 | C32: C. Menghi, C. Tsigkanos, P. Pelliccione, C. Ghezzi, and T. Berger, "Specification patterns for robotic missions," IEEE Trans. Softw. Eng., vol. 47, no. 10, pp. 2208-2224, 2021 (IEEE Xplore document 8859226).
... A39: 38 | B39: D66 | C39: Operational Design Domain (ODD) Taxonomy for an Automated Driving System (ADS) - Specification, BSI PAS 1883:2020, British Standards Institution, London, U.K., 2020.
A40: 39 | B40: C6 | C40: Road Vehicles - Test Scenarios for Automated Driving Systems - Specification for Operational Design Domain, ISO 34503:2023, International Organization for Standardization, Geneva, Switzerland, 2023. | D40: MQ1
A41: 40 | B41: C7 | C41: ASAM e.V., "ASAM OpenODD, version 1.0.0," Apr. 3, 2025. [Online]. Available: https://publications.pages.asam.net/standards/ASAM_OpenODD/ASAM_OpenODD/latest/specification/00_preface/00_introduction.html | D41: MQ1
A42: 41 | B42: C3 | C42: M. Aguirre Mehlhorn, A. Richter, and Y. A. W. Shardt, "Ruling the operational boundaries: A survey on operational design domains of autonomous driving systems," IFAC-PapersOnLine, vol. 56, no. 2, pp. 2202-2213, 2023, doi: 10.1016/j.ifacol.2023.10.1128. | D42: MQ1
A43: 42 | B43: C13 | C43: H. Xu, Y. Li, H. Qin, Y. Bian, S. Jiang, W. Que, and J. Man, "Ensuring safe operation of autonomous vehicle: A comprehensive survey of operational design condition," Accid. Anal. Prev., vol. 227, Art. no. 108366, 2026, doi: 10.1016/j.aap.2025.108366. | D43: MQ1
A44: 43 | B44: C2 | C44: D. Hillen, M. Lorenz, J. Reich, R. Adler, P. Wolf, S. A. Zafar, and A. Salvi, "Navigating the landscape of operational design domains: A comprehensive mapping study," Next Res., vol. 2, no. 4, Art. no. 101036, 2025, doi: 10.1016/j.nexres.2025.101036. | D44: MQ1, MQ3, MQ5
A45: 44 | B45: C11 | C45: M. Ito, "ODD description methods for automated driving vehicle and verifiability for safety," J. Univers. Comput. Sci., vol. 27, no. 8, pp. 796-810, 2021, doi: 10.3897/jucs.72333. | D45: MQ1
A46: 45 | B46: C5 | C46: L. Mendiboure, M. L. Benzagouta, D. Gruyer, T. Sylla, M. Adedjouma, and A. Hedhli, "Operational design domain for automated driving systems: Taxonomy definition and application," in Proc. IEEE Intelligent Vehicles Symp. (IV), 2023, doi: 10.1109/IV55152.2023.10186765. | D46: MQ1
A47: 46 | B47: C8 | C47: M. Gyllenhammar, R. Johansson, F. Warg, D. Chen, H.-M. Heyn, M. Sanfridson, J. Söderberg, A. Thorsén, and S. Ursing, "Towards an operational design domain that supports the safety argumentation of an automated driving system," in Proc. 10th European Congress on Embedded Real Time Systems (ERTS), Toulouse, France, 2020. | D47: MQ1
A48: 47 | B48: C12 | C48: "Identifying the operational design domain for an automated driving system through assessed risk," IEEE conference paper, IEEE Xplore document 9304552. | D48: MQ1
A49: 48 | B49: C4 | C49: H. Torfah, C. Xie, S. Junges, M. Vazquez-Chanlatte, and S. A. Seshia, "Learning monitorable operational design domains for assured autonomy," in Automated Technology for Verification and Analysis (ATVA 2022), Lecture Notes in Computer Science, vol. 13505. Cham, Switzerland: Springer, 2022, pp. 3-22, doi: 10.1007/978-3-031-19992-9_1. | D49: MQ1
A50: 49 | B50: D11 | C50: H. Xu, Y. Bian, Y. Li, H. Qin, H. Zhou, F. Chang, S. Wang, and Q. Ye, "Learnable operational design condition monitor for failure prediction in autonomous driving," Accid. Anal. Prev., vol. 220, Art. no. 108139, 2025, doi: 10.1016/j.aap.2025.108139.
A51: 50 | B51: D12 | C51: F. Schaller, R. Ehlers, I. Aslam, A. Deshpande, R. Gräfe, W. Guedri, N. Habib, N. Maslov, A. Rausch, S. S. Qutub, and M. Zhang, "Addressing SOTIF with a runtime monitor ensemble for AI-based perception systems," Discover Artif. Intell., vol. 6, no. 1, 2026, doi: 10.1007/s44163-026-02186-z.
A52: 51 | B52: D51 | C52: E. Bartocci, J. V. Deshmukh, A. Donzé, G. Fainekos, O. Maler, D. Ničković, and S. Sankaranarayanan, "Specification-based monitoring of cyber-physical systems: A survey on theory, tools and applications," in Lectures on Runtime Verification, Lecture Notes in Computer Science, vol. 10457. Cham, Switzerland: Springer, 2018, pp. 135-175, doi: 10.1007/978-3-319-75632-5_5.
A53: 52 | B53: C17 | C53: T. Menzel, G. Bagschik, and M. Maurer, "Scenarios for development, test and validation of automated vehicles," in Proc. IEEE Intelligent Vehicles Symp. (IV), 2018. arXiv:1801.08598. | D53: MQ3
A54: 53 | B54: C27 | C54: Road Vehicles - Test Scenarios for Automated Driving Systems - Scenario Based Safety Evaluation Framework, ISO 34502:2022, International Organization for Standardization, Geneva, Switzerland, 2022. | D54: MQ3
A55: 54 | B55: D31 | C55: B. Schütt, J. Ransiek, T. Braun, and E. Sax, "1001 ways of scenario generation for testing of self-driving cars: A survey," arXiv:2304.10850, 2023.
A56: 55 | B56: D33 | C56: Z. Wang, J. Ma, and E. M.-K. Lai, "A survey of scenario generation for automated vehicle testing and validation," Future Internet, vol. 16, no. 12, Art. no. 480, 2024, doi: 10.3390/fi16120480.
A57: 56 | B57: D32 | C57: W. Ding, C. Xu, M. Arief, H. Lin, B. Li, and D. Zhao, "A survey on safety-critical driving scenario generation: A methodological perspective," IEEE Trans. Intell. Transp. Syst., 2023. arXiv:2202.02215.
A58: 57 | B58: S29 | C58: C. Birchler, S. Khatiri, P. Rani, T. Kehrer, and S. Panichella, "A roadmap for simulation-based testing of autonomous cyber-physical systems: Challenges and future direction," ACM Trans. Softw. Eng. Methodol., vol. 34, no. 5, Art. no. 152, 2025, doi: 10.1145/3711906.
A59: 58 | B59: S6 | C59: A. Forrai, M. Alirezaei, T. Singh, A. Gali, and J. Ploeg, "Virtual verification and validation of autonomous vehicles: Toolchain and workflow," in Modeling and Control of Autonomous Systems. London, U.K.: IntechOpen, 2025, doi: 10.5772/intechopen.1008921.
A60: 59 | B60: S9 | C60: B. Cabrero-Daniel and M. Mohamad, "Challenges of virtual validation and verification for automotive functions," in Proc. Euromicro Conf. Software Engineering and Advanced Applications (SEAA), Lecture Notes in Computer Science. Cham, Switzerland: Springer, 2025, pp. 183-200, doi: 10.1007/978-3-032-04190-6_12.
A61: 60 | B61: S30 | C61: C. Birchler, T. K. Mohammed, P. Rani, T. Nechita, T. Kehrer, and S. Panichella, "How does simulation-based testing for self-driving cars match human perception?," Proc. ACM Softw. Eng., vol. 1, no. FSE, pp. 929-950, 2024, doi: 10.1145/3643768.
A62: 61 | B62: S31 | C62: V. Crespo-Rodriguez, C. Birchler, Neelofar, A. Aleti, and S. Panichella, "The role of road features and vehicle dynamics in cost-effective autonomous vehicles safety testing: Insights from instance space analysis," Inf. Softw. Technol., vol. 195, Art. no. 108123, 2026, doi: 10.1016/j.infsof.2026.108123.
A63: 62 | B63: S33 | C63: E. Aljalbout, J. Xing, A. Romero, I. Akinola, C. R. Garrett, E. Heiden, A. Gupta, T. Hermans, Y. Narang, D. Fox, D. Scaramuzza, and F. Ramos, "The reality gap in robotics: Challenges, solutions, and best practices," Annu. Rev. Control Robot. Auton. Syst., 2026 (accepted). arXiv:2510.20808.
A64: 63 | B64: C22 | C64: D. J. Fremont, T. Dreossi, S. Ghosh, X. Yue, A. L. Sangiovanni-Vincentelli, and S. A. Seshia, "Scenic: A language for scenario specification and scene generation," in Proc. 40th ACM SIGPLAN Conf. Programming Language Design and Implementation (PLDI), 2019, doi: 10.1145/3314221.3314633. | D64: MQ3
A65: 64 | B65: CARLA | C65: A. Dosovitskiy, G. Ros, F. Codevilla, A. Lopez, and V. Koltun, "CARLA: An open urban driving simulator," in Proc. 1st Annu. Conf. Robot Learning (CoRL), Proc. Mach. Learn. Res., vol. 78, 2017.
A66: 65 | B66: C16 | C66: C. E. Tuncali, G. Fainekos, D. Prokhorov, H. Ito, and J. Kapinski, "Requirements-driven test generation for autonomous vehicles with machine learning components," arXiv:1908.01094, 2019. | D66: MQ2, MQ3
A67: 66 | B67: C20 | C67: S. Khastgir, S. Brewerton, J. Thomas, and P. Jennings, "Systems approach to creating test scenarios for automated driving systems," Reliab. Eng. Syst. Saf., vol. 215, Art. no. 107610, 2021, doi: 10.1016/j.ress.2021.107610. | D67: MQ3
A68: 67 | B68: D58 | C68: A. Corso, R. J. Moss, M. Koren, R. Lee, and M. J. Kochenderfer, "A survey of algorithms for black-box safety validation of cyber-physical systems," J. Artif. Intell. Res., vol. 72, 2021, doi: 10.1613/jair.1.12716.
A69: 68 | B69: D34 | C69: D. R. Kuhn, R. Bryce, F. Duan, L. Ghandehari, Y. Lei, and R. N. Kacker, "Combinatorial testing: Theory and practice," Adv. Comput., vol. 99, pp. 1-66, 2015, doi: 10.1016/bs.adcom.2015.05.003.
A70: 69 | B70: KUHN13 | C70: D. R. Kuhn, I. Dominguez Mendoza, R. N. Kacker, and Y. Lei, "Combinatorial coverage measurement concepts and applications," in Proc. IEEE 6th Int. Conf. Software Testing, Verification and Validation Workshops (ICSTW), Luxembourg, 2013, pp. 352-361, doi: 10.1109/ICSTW.2013.77.
A71: 70 | B71: C32 | C71: Y. Li, J. Tao, and F. Wotawa, "Ontology-based test generation for automated and autonomous driving functions," Inf. Softw. Technol., vol. 117, Art. no. 106200, 2020, doi: 10.1016/j.infsof.2019.106200. | D71: MQ3
A72: 71 | B72: C9 | C72: M. Skoglund, F. Warg, A. Thorsén, S. Punnekkat, and H. Hansson, "Methodology for test case allocation based on a formalized ODD," arXiv:2509.02311, 2025. | D72: MQ1, MQ3
A73: 72 | B73: D22 | C73: U. S. Shah and D. C. Jinwala, "Resolving ambiguities in natural language software requirements: A comprehensive survey," ACM SIGSOFT Softw. Eng. Notes, vol. 40, no. 5, pp. 1-7, 2015, doi: 10.1145/2815021.2815032.
A74: 73 | B74: D23 | C74: F. de Bruijn and H. L. Dekkers, "Ambiguity in natural language software requirements: A case study," in Requirements Engineering: Foundation for Software Quality (REFSQ 2010), Lecture Notes in Computer Science. Berlin, Germany: Springer, 2010, pp. 233-247, doi: 10.1007/978-3-642-14192-8_21.
A75: 74 | B75: D24 | C75: F. Talha, T. Tahir, and T. Nadeem, "A semiautomated approach for detecting ambiguities in software requirements using SpanBERT and named entity recognition," J. Softw. Evol. Process, vol. 37, no. 8, 2025, doi: 10.1002/smr.70041.
A76: 75 | B76: D25 | C76: S. Bashir, A. Ferrari, A. Khan, P. E. Strandberg, Z. Haider, M. Saadatmand, and M. Bohlin, "Requirements ambiguity detection and explanation with LLMs: An industrial study," in Proc. IEEE Int. Conf. Software Maintenance and Evolution (ICSME), Industry Track, 2025 (IEEE Xplore document 11185947).
A77: 76 | B77: D54 | C77: Systems and Software Engineering - Life Cycle Processes - Requirements Engineering, ISO/IEC/IEEE 29148:2018, 2018.
A78: 77 | B78: S19 | C78: J.-M. Bruel, S. Ebersold, F. Galinier, M. Mazzara, A. Naumchev, and B. Meyer, "The role of formalism in system requirements," ACM Comput. Surv., vol. 54, no. 5, pp. 1-36, 2021, doi: 10.1145/3448975.
A79: 78 | B79: S15 | C79: H. Hu, L. Zhang, and C. Ye, "Semantic-based requirements analysis and verification," in Proc. Int. Conf. Electronics and Information Engineering (ICEIE), 2010, pp. V1-241-V1-246, doi: 10.1109/ICEIE.2010.5559882.
A80: 79 | B80: S17 | C80: K. Mokos, T. Nestoridis, P. Katsaros, and N. Bassiliades, "Semantic modeling and analysis of natural language system requirements," IEEE Access, vol. 10, pp. 84094-84119, 2022 (IEEE Xplore document 9852230).
A81: 80 | B81: S16 | C81: S. Lim, A. Henriksson, and J. Zdravkovic, "Data-driven requirements elicitation: A systematic literature review," SN Comput. Sci., vol. 2, no. 1, Art. no. 16, 2021, doi: 10.1007/s42979-020-00416-4.
A82: 81 | B82: C35 | C82: D. Giannakopoulou, T. Pressburger, A. Mavridou, J. Rhein, J. Schumann, and N. Shi, "Formal requirements elicitation with FRET," in Joint Proc. REFSQ-2020 Workshops, Doctoral Symposium, Live Studies Track, and Poster Track, CEUR-WS vol. 2584, Pisa, Italy, 2020. | D82: MQ2
A83: 82 | B83: C18 | C83: J. He, E. Bartocci, D. Ničković, H. Isakovic, and R. Grosu, "DeepSTL - From English requirements to signal temporal logic," in Proc. 44th Int. Conf. Software Engineering (ICSE), 2022, doi: 10.1145/3510003.3510171. | D83: MQ2
A84: 83 | B84: D14 | C84: A. Beg, D. O'Donoghue, and R. Monahan, "A short survey on formalising software requirements using large language models," arXiv:2506.11874, 2025.
A85: 84 | B85: S20 | C85: A. Tagliaferro, B. Guindani, L. Lestingi, and M. Rossi, "Towards an agentic LLM-based approach to requirement formalization from unstructured specifications," arXiv:2604.18228, 2026.
A86: 85 | B86: D13 | C86: A. Nouri, B. Cabrero-Daniel, F. Törner, H. Sivencrona, and C. Berger, "Engineering safety requirements for autonomous driving with large language models," in Proc. IEEE 32nd Int. Requirements Eng. Conf. (RE), 2024. arXiv:2403.16289.
A87: 86 | B87: C10 | C87: B. V. Balu, F. Geissler, F. Carella, J.-V. Zacchi, J. Jiru, N. Mata, and R. Stolle, "Towards automated safety requirements derivation using agent-based RAG," arXiv:2504.11243, 2025. | D87: MQ2
A88: 87 | B88: D60 | C88: L. Del Corro and R. Gemulla, "ClausIE: Clause-based open information extraction," in Proc. 22nd Int. Conf. World Wide Web (WWW), 2013, pp. 355-366, doi: 10.1145/2488388.2488420.
A89: 88 | B89: D61 | C89: I. Beltagy, K. Lo, and A. Cohan, "SciBERT: A pretrained language model for scientific text," in Proc. Conf. Empirical Methods Natural Lang. Process. and 9th Int. Joint Conf. Natural Lang. Process. (EMNLP-IJCNLP), Hong Kong, China, 2019, pp. 3615-3620, doi: 10.18653/v1/D19-1371.
A90: 89 | B90: D62 | C90: N. Reimers and I. Gurevych, "Sentence-BERT: Sentence embeddings using Siamese BERT-networks," in Proc. Conf. Empirical Methods Natural Lang. Process. and 9th Int. Joint Conf. Natural Lang. Process. (EMNLP-IJCNLP), Hong Kong, China, 2019, pp. 3982-3992, doi: 10.18653/v1/D19-1410.
A91: 90 | B91: D52 | C91: L. Huang, W. Yu, W. Ma, W. Zhong, Z. Feng, H. Wang, Q. Chen, W. Peng, X. Feng, B. Qin, and T. Liu, "A survey on hallucination in large language models: Principles, taxonomy, challenges, and open questions," ACM Trans. Inf. Syst., vol. 43, no. 2, pp. 1-55, 2024, doi: 10.1145/3703155.
A92: 91 | B92: D45 | C92: J. M. Zhang, M. Harman, L. Ma, and Y. Liu, "Machine learning testing: Survey, landscapes and horizons," IEEE Trans. Softw. Eng., vol. 48, no. 1, pp. 1-36, 2022, doi: 10.1109/TSE.2019.2962027.
A93: 92 | B93: D59 | C93: T. Y. Chen, F.-C. Kuo, H. Liu, P.-L. Poon, D. Towey, T. H. Tse, and Z. Q. Zhou, "Metamorphic testing: A review of challenges and opportunities," ACM Comput. Surv., vol. 51, no. 1, pp. 1-27, 2018, doi: 10.1145/3143561.
A94: 93 | B94: D64 | C94: A. Sinha, S. Chand, V. Vu, H. Chen, and V. V. Dixit, "Crash and disengagement data of autonomous vehicles on public roads in California," Sci. Data, vol. 8, no. 1, Art. no. 298, 2021, doi: 10.1038/s41597-021-01083-7.
A95: 94 | B95: C25 | C95: B. Jian, R. Yu, H. Wang, L. Wang, and Z. Zou, "Towards lawful autonomous driving: Deriving scenario-aware driving requirements from traffic laws and regulations," arXiv:2604.24562, 2026. | D95: MQ2, MQ3
A96: 95 | B96: C26 | C96: Y. Zhao, J. Zhou, D. Bi, T. Mihalj, J. Hu, and A. Eichberger, "A survey on the application of large language models in scenario-based testing of automated driving systems," IEEE Trans. Intell. Transp. Syst., vol. 27, no. 5, pp. 5001-5023, 2026, doi: 10.1109/TITS.2026.3651004. | D96: MQ3
A97: 96 | B97: D46 | C97: O. C. Z. Gotel and A. Finkelstein, "An analysis of the requirements traceability problem," in Proc. IEEE Int. Conf. Requirements Eng. (ICRE), Colorado Springs, CO, USA, 1994, pp. 94-101, doi: 10.1109/ICRE.1994.292398.
A98: 97 | B98: D47 | C98: J. Cleland-Huang, O. C. Z. Gotel, J. Huffman Hayes, P. Mäder, and A. Zisman, "Software traceability: Trends and future directions," in Proc. Future of Software Engineering (FOSE), 2014, pp. 55-69, doi: 10.1145/2593882.2593891.
A99: 98 | B99: S41 | C99: S. Maro, J.-P. Steghöfer, and M. Staron, "Software traceability in the automotive domain: Challenges and solutions," J. Syst. Softw., vol. 141, pp. 85-110, 2018, doi: 10.1016/j.jss.2018.03.060.
A100: 99 | B100: S40 | C100: D. Fucci, E. Alégroth, and T. Axelsson, "When traceability goes awry: An industrial experience report," J. Syst. Softw., vol. 192, Art. no. 111389, 2022, doi: 10.1016/j.jss.2022.111389.
A101: 100 | B101: S42 | C101: M. Ruiz, J. Y. Hu, and F. Dalpiaz, "Why don't we trace? A study on the barriers to software traceability in practice," Requir. Eng., vol. 28, no. 4, pp. 619-637, 2023, doi: 10.1007/s00766-023-00408-9.
A102: 101 | B102: S67 | C102: P. Rempel, P. Mäder, and T. Kuschke, "An empirical study on project-specific traceability strategies," in Proc. 21st IEEE Int. Requirements Eng. Conf. (RE), Rio de Janeiro, Brazil, 2013, pp. 195-204, doi: 10.1109/RE.2013.6636719.
A103: 102 | B103: C28 | C103: R. Wohlrab, P. Pelliccione, A. Shahrokni, and E. Knauss, "Why and how your traceability should evolve: Insights from an automotive supplier," IEEE Software, 2020 (IEEE Xplore document 9097278). arXiv:2005.09414. | D103: RQ4 (traceability under change)
A104: 103 | B104: S43 | C104: W. Abdeen, M. Unterkalmsteiner, P. Löwenadler, P. Yousefi, and K. Wnuk, "Empirical evaluation of taxonomic trace links: A case study," Empir. Softw. Eng., vol. 31, no. 2, Art. no. 34, 2025, doi: 10.1007/s10664-025-10764-5.
A105: 104 | B105: S44 | C105: F. Niu, R. Pan, L. C. Briand, and H. Hu, "TVR: Automotive system requirement traceability validation and recovery through retrieval-augmented generation," arXiv:2504.15427, 2025.
A106: 105 | B106: S39 | C106: J. Mucha, A. Kaufmann, and D. Riehle, "A systematic literature review of pre-requirements specification traceability," Requir. Eng., vol. 29, no. 2, pp. 119-141, 2024, doi: 10.1007/s00766-023-00412-z.
...
